"Origin Movement ID","Origin Display Name","Destination Movement ID","Destination Display Name","Date Range","Mean Travel Time (Seconds)","Range - Lower Bound Travel Time (Seconds)","Range - Upper Bound Travel Time (Seconds)"
"1648","800 Cole St, San Francisco, CA","9","500 Hyde Street, Tenderloin, San Francisco","11/15/2016 - 12/15/2016, Every day, Daily Average",1264,978,1632
"1648","800 Cole St, San Francisco, CA","20","900 Sutter Street, Lower Nob Hill, San Francisco","11/15/2016 - 12/15/2016, Every day, Daily Average",1229,956,1578
"1648","800 Cole St, San Francisco, CA","21","3400 Pierce Street, Marina District, San Francisco","11/15/2016 - 12/15/2016, Every day, Daily Average",1306,1068,1596
"1648","800 Cole St, San Francisco, CA","44","1700 Egbert Avenue, Bayview, San Francisco","11/15/2016 - 12/15/2016, Every day, Daily Average",1379,1042,1824
"1648","800 Cole St, San Francisco, CA","46","500 Chester Street, West Oakland, Oakland","11/15/2016 - 12/15/2016, Every day, Daily Average",1997,1468,2715
"1648","800 Cole St, San Francisco, CA","78","1400 Thomas Avenue, Bayview, San Francisco","11/15/2016 - 12/15/2016, Every day, Daily Average",1599,1214,2105
"1648","800 Cole St, San Francisco, CA","79","1500 California Street, Polk Gulch, San Francisco","11/15/2016 - 12/15/2016, Every day, Daily Average",1260,987,1608
"1648","800 Cole St, San Francisco, CA","80","0 Farren Street, Western Addition, San Francisco","11/15/2016 - 12/15/2016, Every day, Daily Average",782,605,1010
"1648","800 Cole St, San Francisco, CA","81","0 Berkeley Way, Diamond Heights, San Francisco","11/15/2016 - 12/15/2016, Every day, Daily Average",401,274,586
"1648","800 Cole St, San Francisco, CA","82","2700 25th Street, Mission District, San Francisco","11/15/2016 - 12/15/2016, Every day, Daily Average",1137,851,1517
"1648","800 Cole St, San Francisco, CA","87","2200 Wyandotte Street, Mountain View","11/15/2016 - 12/15/2016, Every day, Daily Average",2852,2394,3396
"1648","800 Cole St, San Francisco, CA","90","300 Heathcliff Drive, Westview, Pacifica","11/15/2016 - 12/15/2016, Every day, Daily Average",1391,1122,1723
"1648","800 Cole St, San Francisco, CA","91","700 Industrial Road, San Carlos","11/15/2016 - 12/15/2016, Every day, Daily Average",2486,1935,3193
"1648","800 Cole St, San Francisco, CA","98","500 10th Street, Downtown Oakland, Oakland","11/15/2016 - 12/15/2016, Every day, Daily Average",1972,1461,2661
"1648","800 Cole St, San Francisco, CA","113","1200 Hayes Street, Western Addition, San Francisco","11/15/2016 - 12/15/2016, Every day, Daily Average",547,400,746
"1648","800 Cole St, San Francisco, CA","117","100 Edgemar Street, Crocker, Daly City","11/15/2016 - 12/15/2016, Every day, Daily Average",1293,1033,1618
"1648","800 Cole St, San Francisco, CA","165","2200 Franklin Street, Pacific Heights, San Francisco","11/15/2016 - 12/15/2016, Every day, Daily Average",1208,951,1533
"1648","800 Cole St, San Francisco, CA","181","3400 Richmond Boulevard, Oakland Ave - Harrison St, Oakland","11/15/2016 - 12/15/2016, Every day, Daily Average",2047,1505,2782
"1648","800 Cole St, San Francisco, CA","186","1800 Vicente Street, Sunset District, San Francisco","11/15/2016 - 12/15/2016, Every day, Daily Average",650,475,888
"1648","800 Cole St, San Francisco, CA","206","1300 15th Street, Mission District, San Francisco","11/15/2016 - 12/15/2016, Every day, Daily Average",1042,772,1404
"1648","800 Cole St, San Francisco, CA","207","1100 Guerrero Street, Mission District, San Francisco","11/15/2016 - 12/15/2016, Every day, Daily Average",752,578,978
"1648","800 Cole St, San Francisco, CA","208","600 Alabama Street, Mission District, San Francisco","11/15/2016 - 12/15/2016, Every day, Daily Average",1088,845,1400
"1648","800 Cole St, San Francisco, CA","209","300 Wilde Avenue, Visitacion Valley, San Francisco","11/15/2016 - 12/15/2016, Every day, Daily Average",1110,822,1497
"1648","800 Cole St, San Francisco, CA","210","100 Ramsell Street, Oceanview, San Francisco","11/15/2016 - 12/15/2016, Every day, Daily Average",950,720,1252
"1648","800 Cole St, San Francisco, CA","211","200 16th Avenue, Richmond District, San Francisco","11/15/2016 - 12/15/2016, Every day, Daily Average",804,609,1059
"1648","800 Cole St, San Francisco, CA","212","500 Washington Street, Financial District, San Francisco","11/15/2016 - 12/15/2016, Every day, Daily Average",1794,1393,2310
"1648","800 Cole St, San Francisco, CA","232","1000 Beech Street, East Palo Alto","11/15/2016 - 12/15/2016, Every day, Daily Average",2710,2237,3282
"1648","800 Cole St, San Francisco, CA","234","100 Domestic Terminals Departures Level, San Francisco","11/15/2016 - 12/15/2016, Every day, Daily Average",1704,1369,2119
"1648","800 Cole St, San Francisco, CA","242","0 El Pavo Real Circle, San Rafael","11/15/2016 - 12/15/2016, Every day, Daily Average",2309,1787,2981
"1648","800 Cole St, San Francisco, CA","264","300 Irwin Street, San Rafael","11/15/2016 - 12/15/2016, Every day, Daily Average",1917,1493,2461
"1648","800 Cole St, San Francisco, CA","285","1600 Maritime Street, Oakland","11/15/2016 - 12/15/2016, Every day, Daily Average",1829,1317,2539
"1648","800 Cole St, San Francisco, CA","286","1000 10th Street, West Oakland, Oakland","11/15/2016 - 12/15/2016, Every day, Daily Average",1958,1443,2655
"1648","800 Cole St, San Francisco, CA","299","Chinatown / North Beach Campus, Russian Hill, San Francisco","11/15/2016 - 12/15/2016, Every day, Daily Average",1577,1248,1991
"1648","800 Cole St, San Francisco, CA","302","0 Bass Court, Bayview, San Francisco","11/15/2016 - 12/15/2016, Every day, Daily Average",1529,1140,2049
"1648","800 Cole St, San Francisco, CA","304","500 Zook Road, Mountain View","11/15/2016 - 12/15/2016, Every day, Daily Average",3070,2593,3633
"1648","800 Cole St, San Francisco, CA","311","200 Northgate Avenue, Westlake, Daly City","11/15/2016 - 12/15/2016, Every day, Daily Average",990,750,1305
"1648","800 Cole St, San Francisco, CA","314","200 Alta Mesa Drive, Serra Highlands, South San Francisco","11/15/2016 - 12/15/2016, Every day, Daily Average",1270,993,1623
"1648","800 Cole St, San Francisco, CA","315","900 Veterans Boulevard, Redwood City","11/15/2016 - 12/15/2016, Every day, Daily Average",2635,2045,3394
"1648","800 Cole St, San Francisco, CA","321","Nimitz Freeway, Downtown Oakland, Oakland","11/15/2016 - 12/15/2016, Every day, Daily Average",2018,1484,2743
"1648","800 Cole St, San Francisco, CA","322","300 Warwick Avenue, Adams Point, Oakland","11/15/2016 - 12/15/2016, Every day, Daily Average",2085,1499,2899
"1648","800 Cole St, San Francisco, CA","323","900 Embarcadero West, West Oakland, Oakland","11/15/2016 - 12/15/2016, Every day, Daily Average",2001,1497,2673
"1648","800 Cole St, San Francisco, CA","338","100 Hinman Road, Redwood City","11/15/2016 - 12/15/2016, Every day, Daily Average",2622,2053,3348
"1648","800 Cole St, San Francisco, CA","345","400 Moffett Boulevard, Mountain View","11/15/2016 - 12/15/2016, Every day, Daily Average",3028,2550,3594
"1648","800 Cole St, San Francisco, CA","347","900 Sycamore Drive, Midtown, Palo Alto","11/15/2016 - 12/15/2016, Every day, Daily Average",2903,2414,3489
"1648","800 Cole St, San Francisco, CA","394","3600 Page Street, Friendly Acres, Redwood City","11/15/2016 - 12/15/2016, Every day, Daily Average",2871,2234,3688
"1648","800 Cole St, San Francisco, CA","403","800 Pine Lane, San Rafael","11/15/2016 - 12/15/2016, Every day, Daily Average",2426,1867,3150
"1648","800 Cole St, San Francisco, CA","408","1800 Hillside Boulevard, Colma","11/15/2016 - 12/15/2016, Every day, Daily Average",1501,1160,1941
"1648","800 Cole St, San Francisco, CA","409","200 Nelson Avenue, Edgemar - Pacific Manor, Pacifica","11/15/2016 - 12/15/2016, Every day, Daily Average",1349,1067,1703
"1648","800 Cole St, San Francisco, CA","423","200 Locust Avenue, San Rafael","11/15/2016 - 12/15/2016, Every day, Daily Average",2041,1601,2601
"1648","800 Cole St, San Francisco, CA","433","600 Vanessa Drive, Central San Mateo, San Mateo","11/15/2016 - 12/15/2016, Every day, Daily Average",2232,1709,2913
"1648","800 Cole St, San Francisco, CA","434","1300 Franklin Street, Western Addition, San Francisco","11/15/2016 - 12/15/2016, Every day, Daily Average",1099,860,1402
"1648","800 Cole St, San Francisco, CA","443","New Corona Heights Trail, The Castro, San Francisco","11/15/2016 - 12/15/2016, Every day, Daily Average",284,150,536
"1648","800 Cole St, San Francisco, CA","445","900 Divisadero Street, Western Addition, San Francisco","11/15/2016 - 12/15/2016, Every day, Daily Average",700,538,909
"1648","800 Cole St, San Francisco, CA","452","1200 Green Street, Russian Hill, San Francisco","11/15/2016 - 12/15/2016, Every day, Daily Average",1408,1100,1801
"1648","800 Cole St, San Francisco, CA","457","3100 West Street, Hoover - Foster, Oakland","11/15/2016 - 12/15/2016, Every day, Daily Average",1991,1441,2749
"1648","800 Cole St, San Francisco, CA","458","900 Webster Street, Downtown Oakland, Oakland","11/15/2016 - 12/15/2016, Every day, Daily Average",2010,1484,2722
"1648","800 Cole St, San Francisco, CA","495","4200 Shelter Creek Lane, San Bruno","11/15/2016 - 12/15/2016, Every day, Daily Average",1467,1172,1835
"1648","800 Cole St, San Francisco, CA","528","600 Lexington Way, Oak Grove Manor, Burlingame","11/15/2016 - 12/15/2016, Every day, Daily Average",1869,1463,2386
"1648","800 Cole St, San Francisco, CA","532","200 Beach Street, North Beach, San Francisco","11/15/2016 - 12/15/2016, Every day, Daily Average",1716,1359,2165
"1648","800 Cole St, San Francisco, CA","533","1400 Grant Avenue, North Beach, San Francisco","11/15/2016 - 12/15/2016, Every day, Daily Average",1677,1311,2144
"1648","800 Cole St, San Francisco, CA","534","200 Walnut Street, Presidio Heights, San Francisco","11/15/2016 - 12/15/2016, Every day, Daily Average",848,654,1099
"1648","800 Cole St, San Francisco, CA","535","0 Rossi Avenue, Richmond District, San Francisco","11/15/2016 - 12/15/2016, Every day, Daily Average",532,353,800
"1648","800 Cole St, San Francisco, CA","536","800 Franklin Street, Fillmore District, San Francisco","11/15/2016 - 12/15/2016, Every day, Daily Average",991,758,1294
"1648","800 Cole St, San Francisco, CA","537","500 Webster Street, Western Addition, San Francisco","11/15/2016 - 12/15/2016, Every day, Daily Average",659,480,904
"1648","800 Cole St, San Francisco, CA","541","200 San Fernando Way, St. Francis, Daly City","11/15/2016 - 12/15/2016, Every day, Daily Average",1097,842,1428
"1648","800 Cole St, San Francisco, CA","542","2200 Kenry Way, Westborough, South San Francisco","11/15/2016 - 12/15/2016, Every day, Daily Average",1298,1012,1663
"1648","800 Cole St, San Francisco, CA","543","2500 Carmel Drive, San Bruno","11/15/2016 - 12/15/2016, Every day, Daily Average",1354,1057,1733
"1648","800 Cole St, San Francisco, CA","591","2500 10th Avenue, Bella Vista, Oakland","11/15/2016 - 12/15/2016, Every day, Daily Average",2068,1570,2723
"1648","800 Cole St, San Francisco, CA","608","700 11th Street, Oakland","11/15/2016 - 12/15/2016, Every day, Daily Average",1958,1442,2658
"1648","800 Cole St, San Francisco, CA","609","700 19th Street, West Oakland, Oakland","11/15/2016 - 12/15/2016, Every day, Daily Average",2056,1550,2726
"1648","800 Cole St, San Francisco, CA","629","100 Guerrero Street, Mission Dolores, San Francisco","11/15/2016 - 12/15/2016, Every day, Daily Average",778,567,1066
"1648","800 Cole St, San Francisco, CA","641","1400 Jackson Street, Nob Hill, San Francisco","11/15/2016 - 12/15/2016, Every day, Daily Average",1351,1057,1725
"1648","800 Cole St, San Francisco, CA","642","600 Grant Avenue, Chinatown, San Francisco","11/15/2016 - 12/15/2016, Every day, Daily Average",1753,1363,2253
"1648","800 Cole St, San Francisco, CA","643","200 Myrtle Street, Tenderloin, San Francisco","11/15/2016 - 12/15/2016, Every day, Daily Average",1180,917,1517
"1648","800 Cole St, San Francisco, CA","644","200 Jones Street, Tenderloin, San Francisco","11/15/2016 - 12/15/2016, Every day, Daily Average",1361,1059,1748
"1648","800 Cole St, San Francisco, CA","645","1400 Chestnut Street, Marina District, San Francisco","11/15/2016 - 12/15/2016, Every day, Daily Average",1373,1084,1738
"1648","800 Cole St, San Francisco, CA","646","500 Clayton Street, Haight-Ashbury, San Francisco","11/15/2016 - 12/15/2016, Every day, Daily Average",326,208,510
"1648","800 Cole St, San Francisco, CA","647","800 Ashbury Street, Ashbury Heights, San Francisco","11/15/2016 - 12/15/2016, Every day, Daily Average",177,77,402
"1648","800 Cole St, San Francisco, CA","648","3800 19th Street, Dolores Heights, San Francisco","11/15/2016 - 12/15/2016, Every day, Daily Average",546,376,791
"1648","800 Cole St, San Francisco, CA","649","1000 Diamond Street, Noe Valley, San Francisco","11/15/2016 - 12/15/2016, Every day, Daily Average",338,203,560
"1648","800 Cole St, San Francisco, CA","650","700 Rhode Island Street, Potrero Hill, San Francisco","11/15/2016 - 12/15/2016, Every day, Daily Average",1090,781,1520
"1648","800 Cole St, San Francisco, CA","651","2900 22nd Street, Mission District, San Francisco","11/15/2016 - 12/15/2016, Every day, Daily Average",1107,875,1400
"1648","800 Cole St, San Francisco, CA","652","300 Hale Street, Excelsior, San Francisco","11/15/2016 - 12/15/2016, Every day, Daily Average",945,707,1262
"1648","800 Cole St, San Francisco, CA","653","600 Lisbon Street, Excelsior, San Francisco","11/15/2016 - 12/15/2016, Every day, Daily Average",1071,826,1387
"1648","800 Cole St, San Francisco, CA","659","200 Staples Avenue, Outer Mission, San Francisco","11/15/2016 - 12/15/2016, Every day, Daily Average",664,493,894
"1648","800 Cole St, San Francisco, CA","660","1900 Lawton Street, Sunset District, San Francisco","11/15/2016 - 12/15/2016, Every day, Daily Average",441,316,613
"1648","800 Cole St, San Francisco, CA","661","Building F, Buckingham Way, Lakeshore, San Francisco","11/15/2016 - 12/15/2016, Every day, Daily Average",854,643,1133
"1648","800 Cole St, San Francisco, CA","662","1300 46th Avenue, Sunset District, San Francisco","11/15/2016 - 12/15/2016, Every day, Daily Average",717,540,950
"1648","800 Cole St, San Francisco, CA","663","200 21st Avenue, Central Richmond, San Francisco","11/15/2016 - 12/15/2016, Every day, Daily Average",843,649,1093
"1648","800 Cole St, San Francisco, CA","664","700 32nd Avenue, Richmond District, San Francisco","11/15/2016 - 12/15/2016, Every day, Daily Average",751,567,993
"1648","800 Cole St, San Francisco, CA","665","0 Brookdale Avenue, Visitacion Valley, San Francisco","11/15/2016 - 12/15/2016, Every day, Daily Average",1327,1082,1626
"1648","800 Cole St, San Francisco, CA","666","1200 El Camino Del Mar, Sea Cliff, San Francisco","11/15/2016 - 12/15/2016, Every day, Daily Average",977,794,1201
"1648","800 Cole St, San Francisco, CA","675","200 Oriente Street, Bayshore Heights, Daly City","11/15/2016 - 12/15/2016, Every day, Daily Average",1382,1118,1706
"1648","800 Cole St, San Francisco, CA","676","300 Citrus Avenue, Daly City","11/15/2016 - 12/15/2016, Every day, Daily Average",1044,789,1379
"1648","800 Cole St, San Francisco, CA","677","0 Ridgefield Avenue, St. Francis, Daly City","11/15/2016 - 12/15/2016, Every day, Daily Average",1249,962,1620
"1648","800 Cole St, San Francisco, CA","678","2500 Crestmoor Drive, San Bruno","11/15/2016 - 12/15/2016, Every day, Daily Average",1392,1089,1777
"1648","800 Cole St, San Francisco, CA","679","800 Paloma Avenue, Burlingame Terrace, Burlingame","11/15/2016 - 12/15/2016, Every day, Daily Average",2032,1501,2749
"1648","800 Cole St, San Francisco, CA","680","700 South Fremont Street, North Central, San Mateo","11/15/2016 - 12/15/2016, Every day, Daily Average",2026,1628,2519
"1648","800 Cole St, San Francisco, CA","682","1300 South Norfolk Street, Shoreview, San Mateo","11/15/2016 - 12/15/2016, Every day, Daily Average",2095,1642,2672
"1648","800 Cole St, San Francisco, CA","684","1100 Vailwood Way, South San Mateo, San Mateo","11/15/2016 - 12/15/2016, Every day, Daily Average",2404,1872,3086
"1648","800 Cole St, San Francisco, CA","741","1600 San Luis Avenue, Rex Manor, Mountain View","11/15/2016 - 12/15/2016, Every day, Daily Average",2973,2493,3544
"1648","800 Cole St, San Francisco, CA","744","Monte Bello Road (Trail), Cupertino","11/15/2016 - 12/15/2016, Every day, Daily Average",2853,2368,3436
"1648","800 Cole St, San Francisco, CA","808","3000 Adeline Street, Clawson, Oakland","11/15/2016 - 12/15/2016, Every day, Daily Average",1945,1404,2692
"1648","800 Cole St, San Francisco, CA","809","200 Santa Rosa Avenue, Grand Lake, Oakland","11/15/2016 - 12/15/2016, Every day, Daily Average",1944,1454,2597
"1648","800 Cole St, San Francisco, CA","817","400 Oxford Way, Belmont","11/15/2016 - 12/15/2016, Every day, Daily Average",2409,1864,3112
"1648","800 Cole St, San Francisco, CA","818","700 Bay Road, Staumbaugh Heller, Redwood City","11/15/2016 - 12/15/2016, Every day, Daily Average",2666,2101,3382
"1648","800 Cole St, San Francisco, CA","858","600 Geneva Avenue, Outer Mission, San Francisco","11/15/2016 - 12/15/2016, Every day, Daily Average",948,719,1249
"1648","800 Cole St, San Francisco, CA","859","2200 24th Avenue, Sunset District, San Francisco","11/15/2016 - 12/15/2016, Every day, Daily Average",557,409,756
"1648","800 Cole St, San Francisco, CA","860","2300 Cabrillo Street, Richmond District, San Francisco","11/15/2016 - 12/15/2016, Every day, Daily Average",633,478,837
"1648","800 Cole St, San Francisco, CA","866","0 Bernard Street, Nob Hill, San Francisco","11/15/2016 - 12/15/2016, Every day, Daily Average",1457,1134,1871
"1648","800 Cole St, San Francisco, CA","867","2200 Post Street, Western Addition, San Francisco","11/15/2016 - 12/15/2016, Every day, Daily Average",928,722,1192
"1648","800 Cole St, San Francisco, CA","868","500 Diamond Street, Noe Valley, San Francisco","11/15/2016 - 12/15/2016, Every day, Daily Average",404,225,723
"1648","800 Cole St, San Francisco, CA","886","4400 Telegraph Avenue, Temescal, Oakland","11/15/2016 - 12/15/2016, Every day, Daily Average",2146,1527,3014
"1648","800 Cole St, San Francisco, CA","905","1000 Pine Street, Lower Nob Hill, San Francisco","11/15/2016 - 12/15/2016, Every day, Daily Average",1349,1048,1735
"1648","800 Cole St, San Francisco, CA","906","2700 Octavia Street, Cow Hollow, San Francisco","11/15/2016 - 12/15/2016, Every day, Daily Average",1257,1006,1569
"1648","800 Cole St, San Francisco, CA","907","2500 Turk Street, Richmond District, San Francisco","11/15/2016 - 12/15/2016, Every day, Daily Average",585,425,804
"1648","800 Cole St, San Francisco, CA","908","1200 18th Street, Potrero Hill, San Francisco","11/15/2016 - 12/15/2016, Every day, Daily Average",1342,961,1872
"1648","800 Cole St, San Francisco, CA","909","1400 40th Avenue, Sunset District, San Francisco","11/15/2016 - 12/15/2016, Every day, Daily Average",662,508,861
"1648","800 Cole St, San Francisco, CA","910","700 La Playa Street, Richmond District, San Francisco","11/15/2016 - 12/15/2016, Every day, Daily Average",844,654,1087
"1648","800 Cole St, San Francisco, CA","915","300 Dolores Way, Sunshine Gardens, South San Francisco","11/15/2016 - 12/15/2016, Every day, Daily Average",1788,1454,2198
"1648","800 Cole St, San Francisco, CA","950","Old Sled Trail, Bolinas","11/15/2016 - 12/15/2016, Every day, Daily Average",1212,893,1643
"1648","800 Cole St, San Francisco, CA","963","600 Sutter Street, Lower Nob Hill, San Francisco","11/15/2016 - 12/15/2016, Every day, Daily Average",1417,1111,1805
"1648","800 Cole St, San Francisco, CA","964","2900 Broderick Street, Cow Hollow, San Francisco","11/15/2016 - 12/15/2016, Every day, Daily Average",1179,948,1465
"1648","800 Cole St, San Francisco, CA","965","200 Topeka Avenue, Silver Terrace, San Francisco","11/15/2016 - 12/15/2016, Every day, Daily Average",1488,1105,2002
"1648","800 Cole St, San Francisco, CA","967","1400 32nd Avenue, Sunset District, San Francisco","11/15/2016 - 12/15/2016, Every day, Daily Average",552,415,734
"1648","800 Cole St, San Francisco, CA","968","3200 Anza Street, Richmond District, San Francisco","11/15/2016 - 12/15/2016, Every day, Daily Average",712,537,942
"1648","800 Cole St, San Francisco, CA","1030","5300 Lawton Avenue, Shafter, Oakland","11/15/2016 - 12/15/2016, Every day, Daily Average",2224,1586,3117
"1648","800 Cole St, San Francisco, CA","1036","Wilder Road, Wilder, Orinda","11/15/2016 - 12/15/2016, Every day, Daily Average",2177,1664,2847
"1648","800 Cole St, San Francisco, CA","1046","300 Grand Avenue, Adams Point, Oakland","11/15/2016 - 12/15/2016, Every day, Daily Average",2087,1501,2901
"1648","800 Cole St, San Francisco, CA","1049","6100 Harwood Avenue, Rockridge, Oakland","11/15/2016 - 12/15/2016, Every day, Daily Average",2416,1798,3244
"1648","800 Cole St, San Francisco, CA","1053","500 Haddon Road, Cleveland Heights, Oakland","11/15/2016 - 12/15/2016, Every day, Daily Average",2106,1526,2905
"1648","800 Cole St, San Francisco, CA","1057","6300 Brookside Avenue, Upper Rockridge, Oakland","11/15/2016 - 12/15/2016, Every day, Daily Average",2060,1585,2676
"1648","800 Cole St, San Francisco, CA","1060","3600 East 8th Street, South Kennedy Tract, Oakland","11/15/2016 - 12/15/2016, Every day, Daily Average",2198,1623,2975
"1648","800 Cole St, San Francisco, CA","1063","800 54th Avenue, Coliseum Industrial, Oakland","11/15/2016 - 12/15/2016, Every day, Daily Average",2297,1677,3144
"1648","800 Cole St, San Francisco, CA","1066","7200 Doolittle Drive, Oakland","11/15/2016 - 12/15/2016, Every day, Daily Average",2510,1885,3341
"1648","800 Cole St, San Francisco, CA","1068","1600 Poplar Street, West Oakland, Oakland","11/15/2016 - 12/15/2016, Every day, Daily Average",1979,1452,2696
"1648","800 Cole St, San Francisco, CA","1080","Pier 2, Emeryville","11/15/2016 - 12/15/2016, Every day, Daily Average",1860,1399,2471
"1648","800 Cole St, San Francisco, CA","1115","Saint Vincents Drive, San Rafael","11/15/2016 - 12/15/2016, Every day, Daily Average",2413,1864,3122
"1648","800 Cole St, San Francisco, CA","1119","0 Locust Avenue, Larkspur","11/15/2016 - 12/15/2016, Every day, Daily Average",1846,1423,2394
"1648","800 Cole St, San Francisco, CA","1120","0 Spindrift Passage, Corte Madera","11/15/2016 - 12/15/2016, Every day, Daily Average",1683,1305,2170
"1648","800 Cole St, San Francisco, CA","1121","300 Ridgewood Avenue, Mill Valley","11/15/2016 - 12/15/2016, Every day, Daily Average",1466,1121,1915
"1648","800 Cole St, San Francisco, CA","1209","600 Woodside Drive, Woodside Hills, Woodside","11/15/2016 - 12/15/2016, Every day, Daily Average",2480,2006,3064
"1648","800 Cole St, San Francisco, CA","1210","Cypress Ridge Road, Redwood City","11/15/2016 - 12/15/2016, Every day, Daily Average",2140,1716,2667
"1648","800 Cole St, San Francisco, CA","1244","800 Jackson Street, Chinatown, San Francisco","11/15/2016 - 12/15/2016, Every day, Daily Average",1698,1325,2175
"1648","800 Cole St, San Francisco, CA","1245","500 Geary Street, Tenderloin, San Francisco","11/15/2016 - 12/15/2016, Every day, Daily Average",1382,1066,1790
"1648","800 Cole St, San Francisco, CA","1246","300 McAllister Street, Civic Center, San Francisco","11/15/2016 - 12/15/2016, Every day, Daily Average",1072,808,1421
"1648","800 Cole St, San Francisco, CA","1247","100 Magnolia Street, Marina District, San Francisco","11/15/2016 - 12/15/2016, Every day, Daily Average",1320,1050,1658
"1648","800 Cole St, San Francisco, CA","1257","2400 Octavia Street, Pacific Heights, San Francisco","11/15/2016 - 12/15/2016, Every day, Daily Average",1158,911,1471
"1648","800 Cole St, San Francisco, CA","1258","2600 Broadway, Pacific Heights, San Francisco","11/15/2016 - 12/15/2016, Every day, Daily Average",1066,840,1351
"1648","800 Cole St, San Francisco, CA","1259","2100 Divisadero Street, Pacific Heights, San Francisco","11/15/2016 - 12/15/2016, Every day, Daily Average",953,761,1192
"1648","800 Cole St, San Francisco, CA","1260","1800 Scott Street, Western Addition, San Francisco","11/15/2016 - 12/15/2016, Every day, Daily Average",842,667,1062
"1648","800 Cole St, San Francisco, CA","1261","700 Presidio Avenue, Western Addition, San Francisco","11/15/2016 - 12/15/2016, Every day, Daily Average",727,560,942
"1648","800 Cole St, San Francisco, CA","1265","0 Stoneybrook Avenue, Excelsior, San Francisco","11/15/2016 - 12/15/2016, Every day, Daily Average",834,630,1102
"1648","800 Cole St, San Francisco, CA","1271","200 Bacon Street, Excelsior, San Francisco","11/15/2016 - 12/15/2016, Every day, Daily Average",1040,775,1394
"1648","800 Cole St, San Francisco, CA","1272","500 Moscow Street, Excelsior, San Francisco","11/15/2016 - 12/15/2016, Every day, Daily Average",1120,855,1466
"1648","800 Cole St, San Francisco, CA","1273","200 Naglee Avenue, Outer Mission, San Francisco","11/15/2016 - 12/15/2016, Every day, Daily Average",960,723,1274
"1648","800 Cole St, San Francisco, CA","1275","0 McLaren Avenue, Sea Cliff, San Francisco","11/15/2016 - 12/15/2016, Every day, Daily Average",857,651,1127
"1648","800 Cole St, San Francisco, CA","1276","1100 Golden Gate Avenue, Western Addition, San Francisco","11/15/2016 - 12/15/2016, Every day, Daily Average",844,659,1079
"1648","800 Cole St, San Francisco, CA","1277","300 Hayes Street, Civic Center, San Francisco","11/15/2016 - 12/15/2016, Every day, Daily Average",832,605,1143
"1648","800 Cole St, San Francisco, CA","1278","100 Noe Street, The Castro, San Francisco","11/15/2016 - 12/15/2016, Every day, Daily Average",547,371,805
"1648","800 Cole St, San Francisco, CA","1279","1100 Folsom Street, South of Market, San Francisco","11/15/2016 - 12/15/2016, Every day, Daily Average",1267,951,1686
"1648","800 Cole St, San Francisco, CA","1280","300 Church Street, Mission District, San Francisco","11/15/2016 - 12/15/2016, Every day, Daily Average",612,432,866
"1648","800 Cole St, San Francisco, CA","1281","700 Guerrero Street, Mission Dolores, San Francisco","11/15/2016 - 12/15/2016, Every day, Daily Average",781,584,1044
"1648","800 Cole St, San Francisco, CA","1282","1600 Church Street, Noe Valley, San Francisco","11/15/2016 - 12/15/2016, Every day, Daily Average",695,521,926
"1648","800 Cole St, San Francisco, CA","1291","1500 Balboa Street, Richmond District, San Francisco","11/15/2016 - 12/15/2016, Every day, Daily Average",678,492,934
"1648","800 Cole St, San Francisco, CA","1292","1300 Wright Loop, Presidio, San Francisco","11/15/2016 - 12/15/2016, Every day, Daily Average",1013,770,1331
"1648","800 Cole St, San Francisco, CA","1293","400 Moraga Street, Sunset District, San Francisco","11/15/2016 - 12/15/2016, Every day, Daily Average",127,37,434
"1648","800 Cole St, San Francisco, CA","1294","600 Panorama Drive, Midtown Terrace, San Francisco","11/15/2016 - 12/15/2016, Every day, Daily Average",156,66,366
"1648","800 Cole St, San Francisco, CA","1295","0 Avoca Alley, West of Twin Peaks, San Francisco","11/15/2016 - 12/15/2016, Every day, Daily Average",483,348,669
"1648","800 Cole St, San Francisco, CA","1296","1300 22nd Avenue, Sunset District, San Francisco","11/15/2016 - 12/15/2016, Every day, Daily Average",402,281,574
"1648","800 Cole St, San Francisco, CA","1297","100 Font Boulevard, Lakeshore, San Francisco","11/15/2016 - 12/15/2016, Every day, Daily Average",912,684,1215
"1648","800 Cole St, San Francisco, CA","1298","200 3rd Avenue, Richmond District, San Francisco","11/15/2016 - 12/15/2016, Every day, Daily Average",738,544,1000
"1648","800 Cole St, San Francisco, CA","1299","8700 Mission Rock Street, South of Market, San Francisco","11/15/2016 - 12/15/2016, Every day, Daily Average",1395,1059,1837
"1648","800 Cole St, San Francisco, CA","1300","200 John F Kennedy Drive, Golden Gate Park, San Francisco","11/15/2016 - 12/15/2016, Every day, Daily Average",364,215,614
"1648","800 Cole St, San Francisco, CA","1361","26200 Catharine Court, Los Altos Hills","11/15/2016 - 12/15/2016, Every day, Daily Average",2931,2435,3526
"1648","800 Cole St, San Francisco, CA","1363","Reservoir Road, Stanford","11/15/2016 - 12/15/2016, Every day, Daily Average",2804,2321,3387
"1648","800 Cole St, San Francisco, CA","1437","200 Knowles Avenue, Daly City","11/15/2016 - 12/15/2016, Every day, Daily Average",1134,864,1487
"1648","800 Cole St, San Francisco, CA","1438","300 87th Street, St. Francis, Daly City","11/15/2016 - 12/15/2016, Every day, Daily Average",1037,791,1358
"1648","800 Cole St, San Francisco, CA","1443","100 Serramonte Boulevard, Serramonte, Daly City","11/15/2016 - 12/15/2016, Every day, Daily Average",1131,879,1455
"1648","800 Cole St, San Francisco, CA","1446","700 Larch Avenue, Paradise Valley, South San Francisco","11/15/2016 - 12/15/2016, Every day, Daily Average",1716,1359,2165
"1648","800 Cole St, San Francisco, CA","1448","300 Baden Avenue, Downtown, South San Francisco","11/15/2016 - 12/15/2016, Every day, Daily Average",1615,1258,2071
"1648","800 Cole St, San Francisco, CA","1449","500 Forbes Boulevard, The East Side, South San Francisco","11/15/2016 - 12/15/2016, Every day, Daily Average",1428,1102,1849
"1648","800 Cole St, San Francisco, CA","1450","0 Brookhaven Court, Fairmont, Pacifica","11/15/2016 - 12/15/2016, Every day, Daily Average",1295,1024,1637
"1648","800 Cole St, San Francisco, CA","1451","400 Loma Vista Terrace, Sharp Park, Pacifica","11/15/2016 - 12/15/2016, Every day, Daily Average",1389,1092,1766
"1648","800 Cole St, San Francisco, CA","1454","300 East 28th Avenue, South San Mateo, San Mateo","11/15/2016 - 12/15/2016, Every day, Daily Average",2305,1819,2919
"1648","800 Cole St, San Francisco, CA","1455","1800 Helene Court, East San Mateo, San Mateo","11/15/2016 - 12/15/2016, Every day, Daily Average",2063,1619,2628
"1648","800 Cole St, San Francisco, CA","1457","1500 Donner Avenue, San Bruno","11/15/2016 - 12/15/2016, Every day, Daily Average",1524,1202,1931
"1648","800 Cole St, San Francisco, CA","1458","0 Colorados Drive, Millbrae","11/15/2016 - 12/15/2016, Every day, Daily Average",1625,1287,2051
"1648","800 Cole St, San Francisco, CA","1461","200 North Fremont Street, Central San Mateo, San Mateo","11/15/2016 - 12/15/2016, Every day, Daily Average",1978,1582,2471
"1648","800 Cole St, San Francisco, CA","1464","200 Cupertino Way, South San Mateo, San Mateo","11/15/2016 - 12/15/2016, Every day, Daily Average",2380,1903,2975
"1648","800 Cole St, San Francisco, CA","1467","2600 Somerset Drive, Belmont","11/15/2016 - 12/15/2016, Every day, Daily Average",2104,1693,2613
"1648","800 Cole St, San Francisco, CA","1504","5800 Christie Avenue, Emeryville","11/15/2016 - 12/15/2016, Every day, Daily Average",1946,1429,2649
"1648","800 Cole St, San Francisco, CA","1513","Dwight D. Eisenhower Highway, Berkeley","11/15/2016 - 12/15/2016, Every day, Daily Average",2085,1509,2880
"1648","800 Cole St, San Francisco, CA","1528","6400 Gwin Road, Merriewood, Oakland","11/15/2016 - 12/15/2016, Every day, Daily Average",2047,1612,2598
"1648","800 Cole St, San Francisco, CA","1534","600 East 8th Street, Downtown Oakland, Oakland","11/15/2016 - 12/15/2016, Every day, Daily Average",2127,1553,2912
"1648","800 Cole St, San Francisco, CA","1559","500 Embarcadero West, Downtown Oakland, Oakland","11/15/2016 - 12/15/2016, Every day, Daily Average",2026,1495,2744
"1648","800 Cole St, San Francisco, CA","1629","500 Peru Avenue, Excelsior, San Francisco","11/15/2016 - 12/15/2016, Every day, Daily Average",887,673,1168
"1648","800 Cole St, San Francisco, CA","1630","800 Bacon Street, Excelsior, San Francisco","11/15/2016 - 12/15/2016, Every day, Daily Average",1156,827,1615
"1648","800 Cole St, San Francisco, CA","1639","0 Curtis Street, Crocker-Amazon, San Francisco","11/15/2016 - 12/15/2016, Every day, Daily Average",1134,903,1422
"1648","800 Cole St, San Francisco, CA","1646","100 Murray Street, Bernal Heights, San Francisco","11/15/2016 - 12/15/2016, Every day, Daily Average",864,643,1160
"1648","800 Cole St, San Francisco, CA","1647","500 Brunswick Street, Crocker-Amazon, San Francisco","11/15/2016 - 12/15/2016, Every day, Daily Average",1133,897,1430
"1648","800 Cole St, San Francisco, CA","1648","Historic Trail, Inner Sunset, San Francisco","11/15/2016 - 12/15/2016, Every day, Daily Average",143,53,380
"1648","800 Cole St, San Francisco, CA","1649","1300 10th Avenue, Inner Sunset, San Francisco","11/15/2016 - 12/15/2016, Every day, Daily Average",163,79,336
"1648","800 Cole St, San Francisco, CA","1650","1900 16th Avenue, Inner Sunset, San Francisco","11/15/2016 - 12/15/2016, Every day, Daily Average",424,281,639
"1648","800 Cole St, San Francisco, CA","1674","200 Hyde Street, Tenderloin, San Francisco","11/15/2016 - 12/15/2016, Every day, Daily Average",1187,922,1526
"1648","800 Cole St, San Francisco, CA","1677","200 Funston Road, Marina District, San Francisco","11/15/2016 - 12/15/2016, Every day, Daily Average",1399,1115,1755
"1648","800 Cole St, San Francisco, CA","1682","700 Haight Street, Lower Haight, San Francisco","11/15/2016 - 12/15/2016, Every day, Daily Average",522,366,743
"1648","800 Cole St, San Francisco, CA","1686","0 The Embarcadero, North Beach, San Francisco","11/15/2016 - 12/15/2016, Every day, Daily Average",1828,1445,2311
"1648","800 Cole St, San Francisco, CA","1687","1400 Powell Street, Russian Hill, San Francisco","11/15/2016 - 12/15/2016, Every day, Daily Average",1544,1207,1974
"1648","800 Cole St, San Francisco, CA","1688","1100 Taylor Street, Nob Hill, San Francisco","11/15/2016 - 12/15/2016, Every day, Daily Average",1519,1195,1930
"1648","800 Cole St, San Francisco, CA","1689","200 Sutter Street, Financial District, San Francisco","11/15/2016 - 12/15/2016, Every day, Daily Average",1634,1255,2126
"1648","800 Cole St, San Francisco, CA","1690","900 Pine Street, Lower Nob Hill, San Francisco","11/15/2016 - 12/15/2016, Every day, Daily Average",1426,1108,1835
"1648","800 Cole St, San Francisco, CA","1691","200 O'Farrell Street, Tenderloin, San Francisco","11/15/2016 - 12/15/2016, Every day, Daily Average",1453,1108,1904
"1648","800 Cole St, San Francisco, CA","1692","800 Mission Street, South of Market, San Francisco","11/15/2016 - 12/15/2016, Every day, Daily Average",1251,918,1704
"1648","800 Cole St, San Francisco, CA","1694","700 Folsom Street, South of Market, San Francisco","11/15/2016 - 12/15/2016, Every day, Daily Average",1510,1143,1993
"1648","800 Cole St, San Francisco, CA","1695","5th Street, Treasure Island, San Francisco","11/15/2016 - 12/15/2016, Every day, Daily Average",1599,1110,2302
"1648","800 Cole St, San Francisco, CA","1696","4700 18th Street, Eureka Valley, San Francisco","11/15/2016 - 12/15/2016, Every day, Daily Average",149,48,459
"1648","800 Cole St, San Francisco, CA","1697","400 Burnett Avenue, Twin Peaks, San Francisco","11/15/2016 - 12/15/2016, Every day, Daily Average",223,120,411
"1648","800 Cole St, San Francisco, CA","1698","3500 20th Street, Mission District, San Francisco","11/15/2016 - 12/15/2016, Every day, Daily Average",924,707,1207
"1648","800 Cole St, San Francisco, CA","1699","900 Sanchez Street, Dolores Heights, San Francisco","11/15/2016 - 12/15/2016, Every day, Daily Average",660,496,877
"1648","800 Cole St, San Francisco, CA","1700","3900 25th Street, Noe Valley, San Francisco","11/15/2016 - 12/15/2016, Every day, Daily Average",594,445,792
"1648","800 Cole St, San Francisco, CA","1701","600 28th Street, Noe Valley, San Francisco","11/15/2016 - 12/15/2016, Every day, Daily Average",383,261,560
"1648","800 Cole St, San Francisco, CA","1702","100 Randall Street, Glen Park, San Francisco","11/15/2016 - 12/15/2016, Every day, Daily Average",715,527,969
"1648","800 Cole St, San Francisco, CA","1703","2600 21st Street, Mission District, San Francisco","11/15/2016 - 12/15/2016, Every day, Daily Average",1118,823,1517
"1648","800 Cole St, San Francisco, CA","1704","2900 24th Street, Mission District, San Francisco","11/15/2016 - 12/15/2016, Every day, Daily Average",1153,922,1441
"1648","800 Cole St, San Francisco, CA","1705","0 Conkling Street, Silver Terrace, San Francisco","11/15/2016 - 12/15/2016, Every day, Daily Average",1039,752,1434
"1648","800 Cole St, San Francisco, CA","1706","700 Bernal Heights Boulevard, Bernal Heights, San Francisco","11/15/2016 - 12/15/2016, Every day, Daily Average",1006,783,1290
"1648","800 Cole St, San Francisco, CA","1707","100 Appleton Avenue, Bernal Heights, San Francisco","11/15/2016 - 12/15/2016, Every day, Daily Average",861,652,1136
"1648","800 Cole St, San Francisco, CA","1710","100 Morningside Drive, Lakeshore, San Francisco","11/15/2016 - 12/15/2016, Every day, Daily Average",747,557,1001
"1648","800 Cole St, San Francisco, CA","1718","300 Arballo Drive, Lakeshore, San Francisco","11/15/2016 - 12/15/2016, Every day, Daily Average",924,699,1221
"1648","800 Cole St, San Francisco, CA","1720","2200 47th Avenue, Sunset District, San Francisco","11/15/2016 - 12/15/2016, Every day, Daily Average",886,721,1088
"1648","800 Cole St, San Francisco, CA","1721","Bayfront Expressway, Menlo Park","11/15/2016 - 12/15/2016, Every day, Daily Average",2816,2200,3604
"1648","800 Cole St, San Francisco, CA","1722","200 9th Avenue, Richmond District, San Francisco","11/15/2016 - 12/15/2016, Every day, Daily Average",781,592,1030
"1648","800 Cole St, San Francisco, CA","1723","600 Burrows Avenue, San Bruno","11/15/2016 - 12/15/2016, Every day, Daily Average",1486,1176,1876
"1648","800 Cole St, San Francisco, CA","1724","2200 Euclid Avenue, East Palo Alto","11/15/2016 - 12/15/2016, Every day, Daily Average",2774,2221,3464
"1648","800 Cole St, San Francisco, CA","1728","800 Easton Avenue, San Bruno","11/15/2016 - 12/15/2016, Every day, Daily Average",1495,1173,1905
"1648","800 Cole St, San Francisco, CA","1729","1500 Adrian Road, Ingold - Milldale, Burlingame","11/15/2016 - 12/15/2016, Every day, Daily Average",1812,1405,2336
"1648","800 Cole St, San Francisco, CA","1730","0 Park Lane, Brisbane","11/15/2016 - 12/15/2016, Every day, Daily Average",1248,946,1646
"1648","800 Cole St, San Francisco, CA","1731","0 Orange Court, Hillside, Daly City","11/15/2016 - 12/15/2016, Every day, Daily Average",1383,1082,1766
"1648","800 Cole St, San Francisco, CA","1732","0 Longview Drive, Westlake, Daly City","11/15/2016 - 12/15/2016, Every day, Daily Average",1245,973,1591
"1648","800 Cole St, San Francisco, CA","1736","2500 Sand Hill Road, Sharon Heights, Menlo Park","11/15/2016 - 12/15/2016, Every day, Daily Average",2666,2160,3289
"1648","800 Cole St, San Francisco, CA","1737","700 Westridge Drive, Central Portola Valley, Portola Valley","11/15/2016 - 12/15/2016, Every day, Daily Average",2630,2143,3226
"1648","800 Cole St, San Francisco, CA","1738","1000 Wildwood Avenue, Westlake, Daly City","11/15/2016 - 12/15/2016, Every day, Daily Average",1305,995,1711
"1648","800 Cole St, San Francisco, CA","1739","0 Reiner Street, Daly City","11/15/2016 - 12/15/2016, Every day, Daily Average",1066,816,1391
"1648","800 Cole St, San Francisco, CA","1740","800 Campus Drive, Serramonte, Daly City","11/15/2016 - 12/15/2016, Every day, Daily Average",1276,974,1670
"1648","800 Cole St, San Francisco, CA","1741","200 Morton Drive, Serramonte, Daly City","11/15/2016 - 12/15/2016, Every day, Daily Average",1467,1169,1839
"1648","800 Cole St, San Francisco, CA","1742","Junipero Serra Boulevard, Serra Highlands, South San Francisco","11/15/2016 - 12/15/2016, Every day, Daily Average",1482,1162,1889
"1648","800 Cole St, San Francisco, CA","1743","600 San Bruno Avenue East, San Bruno","11/15/2016 - 12/15/2016, Every day, Daily Average",1548,1229,1948
"1648","800 Cole St, San Francisco, CA","1744","1200 Helen Drive, Millbrae","11/15/2016 - 12/15/2016, Every day, Daily Average",1556,1251,1934
"1648","800 Cole St, San Francisco, CA","1745","Ed Taylor Trail, Burlingame Hills, Burlingame","11/15/2016 - 12/15/2016, Every day, Daily Average",1744,1381,2201
"1648","800 Cole St, San Francisco, CA","1746","600 North Delaware Street, Central San Mateo, San Mateo","11/15/2016 - 12/15/2016, Every day, Daily Average",1964,1530,2520
"1648","800 Cole St, San Francisco, CA","1747","1700 Coyote Point Drive, Shoreview, San Mateo","11/15/2016 - 12/15/2016, Every day, Daily Average",1942,1534,2457
"1648","800 Cole St, San Francisco, CA","1750","1700 Yorktown Road, San Mateo","11/15/2016 - 12/15/2016, Every day, Daily Average",1959,1568,2447
"1648","800 Cole St, San Francisco, CA","1755","3000 Los Prados Street, East San Mateo, San Mateo","11/15/2016 - 12/15/2016, Every day, Daily Average",2255,1748,2908
"1648","800 Cole St, San Francisco, CA","1759","600 Sylvan Way, Emerald Hills","11/15/2016 - 12/15/2016, Every day, Daily Average",2297,1841,2865
"1648","800 Cole St, San Francisco, CA","1762","500 Summit Spring Road, Woodside","11/15/2016 - 12/15/2016, Every day, Daily Average",2346,1883,2921
"1648","800 Cole St, San Francisco, CA","1764","300 26th Avenue, Central Richmond, San Francisco","11/15/2016 - 12/15/2016, Every day, Daily Average",815,626,1060
"1648","800 Cole St, San Francisco, CA","1768","800 Balboa Street, Richmond District, San Francisco","11/15/2016 - 12/15/2016, Every day, Daily Average",617,440,864
"1648","800 Cole St, San Francisco, CA","1770","1800 32nd Avenue, Sunset District, San Francisco","11/15/2016 - 12/15/2016, Every day, Daily Average",670,514,873
"1648","800 Cole St, San Francisco, CA","1771","0 Lopez Avenue, West of Twin Peaks, San Francisco","11/15/2016 - 12/15/2016, Every day, Daily Average",170,77,373
"1648","800 Cole St, San Francisco, CA","1772","0 Rockaway Avenue, West of Twin Peaks, San Francisco","11/15/2016 - 12/15/2016, Every day, Daily Average",298,186,474
"1648","800 Cole St, San Francisco, CA","1773","0 Majestic Avenue, Ingleside, San Francisco","11/15/2016 - 12/15/2016, Every day, Daily Average",867,660,1137
"1648","800 Cole St, San Francisco, CA","1774","200 Byxbee Street, Oceanview, San Francisco","11/15/2016 - 12/15/2016, Every day, Daily Average",794,594,1060
"1648","800 Cole St, San Francisco, CA","1775","100 Farallones Street, Oceanview, San Francisco","11/15/2016 - 12/15/2016, Every day, Daily Average",937,718,1222
"1648","800 Cole St, San Francisco, CA","1776","1800 25th Avenue, Sunset District, San Francisco","11/15/2016 - 12/15/2016, Every day, Daily Average",502,366,688
"1648","800 Cole St, San Francisco, CA","1777","7100 Geary Boulevard, Richmond District, San Francisco","11/15/2016 - 12/15/2016, Every day, Daily Average",797,604,1050
"1648","800 Cole St, San Francisco, CA","1778","7700 Geary Boulevard, Richmond District, San Francisco","11/15/2016 - 12/15/2016, Every day, Daily Average",933,742,1172
"1648","800 Cole St, San Francisco, CA","1779","500 John Muir Drive, Lakeshore, San Francisco","11/15/2016 - 12/15/2016, Every day, Daily Average",959,724,1268
"1648","800 Cole St, San Francisco, CA","1780","1600 McKinnon Avenue, Bayview, San Francisco","11/15/2016 - 12/15/2016, Every day, Daily Average",1462,1114,1917
"1648","800 Cole St, San Francisco, CA","1781","1100 Carolina Street, Potrero Hill, San Francisco","11/15/2016 - 12/15/2016, Every day, Daily Average",1110,793,1552
"1648","800 Cole St, San Francisco, CA","1783","1500 Mansell Street, Visitacion Valley, San Francisco","11/15/2016 - 12/15/2016, Every day, Daily Average",1257,1010,1564
"1648","800 Cole St, San Francisco, CA","1833","500 Logue Avenue, Mountain View","11/15/2016 - 12/15/2016, Every day, Daily Average",3140,2582,3817
"1648","800 Cole St, San Francisco, CA","1851","100 Primrose Way, Duveneck - St. Francis, Palo Alto","11/15/2016 - 12/15/2016, Every day, Daily Average",2842,2325,3473
"1648","800 Cole St, San Francisco, CA","1853","1400 Club View Terrace, Country Club, Los Altos","11/15/2016 - 12/15/2016, Every day, Daily Average",3048,2670,3478
"1648","800 Cole St, San Francisco, CA","1869","12900 Tripoli Court, Los Altos Hills","11/15/2016 - 12/15/2016, Every day, Daily Average",2864,2384,3439
"1648","800 Cole St, San Francisco, CA","1944","700 Girard Street, Visitacion Valley, San Francisco","11/15/2016 - 12/15/2016, Every day, Daily Average",1082,816,1433
"1648","800 Cole St, San Francisco, CA","1951","400 Delta Street, Visitacion Valley, San Francisco","11/15/2016 - 12/15/2016, Every day, Daily Average",1344,1101,1640
"1648","800 Cole St, San Francisco, CA","2118","2500 Lucas Valley Road, San Rafael","11/15/2016 - 12/15/2016, Every day, Daily Average",2555,2058,3170
"1648","800 Cole St, San Francisco, CA","2120","0 Reservoir Road, San Rafael","11/15/2016 - 12/15/2016, Every day, Daily Average",2112,1642,2715
"1648","800 Cole St, San Francisco, CA","2121","2900 Kerner Boulevard, San Rafael","11/15/2016 - 12/15/2016, Every day, Daily Average",1953,1494,2551
"1648","800 Cole St, San Francisco, CA","2127","0 Hamilton Drive, Mill Valley","11/15/2016 - 12/15/2016, Every day, Daily Average",1525,1172,1983
"1648","800 Cole St, San Francisco, CA","2132","300 Vista Grande, Greenbrae, Kentfield","11/15/2016 - 12/15/2016, Every day, Daily Average",1798,1404,2301
"1648","800 Cole St, San Francisco, CA","2133","600 Manzanita Avenue, Corte Madera","11/15/2016 - 12/15/2016, Every day, Daily Average",1665,1283,2160
"1648","800 Cole St, San Francisco, CA","2136","300 Carrera Drive, Mill Valley","11/15/2016 - 12/15/2016, Every day, Daily Average",1425,1095,1853
"1648","800 Cole St, San Francisco, CA","2137","0 West Harbor Drive, Sausalito","11/15/2016 - 12/15/2016, Every day, Daily Average",1351,1044,1747
"1648","800 Cole St, San Francisco, CA","2155","3100 North Shoreline Boulevard, Mountain View","11/15/2016 - 12/15/2016, Every day, Daily Average",2841,2353,3429
"1648","800 Cole St, San Francisco, CA","2169","1000 Liege Terrace, Morse Park, Sunnyvale","11/15/2016 - 12/15/2016, Every day, Daily Average",3171,2675,3758
"1648","800 Cole St, San Francisco, CA","2187","4200 Middle Harbor Road, Oakland","11/15/2016 - 12/15/2016, Every day, Daily Average",1924,1418,2610
"1648","800 Cole St, San Francisco, CA","2213","800 40th Street, Longfellow, Oakland","11/15/2016 - 12/15/2016, Every day, Daily Average",2187,1527,3131
"1648","800 Cole St, San Francisco, CA","2215","1500 East 31st Street, Tuxedo, Oakland","11/15/2016 - 12/15/2016, Every day, Daily Average",2057,1573,2688
"1648","800 Cole St, San Francisco, CA","2222","Junipero Serra Freeway, Cupertino","11/15/2016 - 12/15/2016, Every day, Daily Average",3208,2816,3653
"1648","800 Cole St, San Francisco, CA","2223","1900 Scott Lane, Woodland Acres - The Highlands, Los Altos","11/15/2016 - 12/15/2016, Every day, Daily Average",3147,2745,3607
"1648","800 Cole St, San Francisco, CA","2231","100 Garden Lane, Millbrae","11/15/2016 - 12/15/2016, Every day, Daily Average",1741,1353,2239
"1648","800 Cole St, San Francisco, CA","2244","0 Crystal Springs Terrace, Hillsborough Park, Hillsborough","11/15/2016 - 12/15/2016, Every day, Daily Average",1898,1513,2379
"1648","800 Cole St, San Francisco, CA","2246","900 Baker Way, East San Mateo, San Mateo","11/15/2016 - 12/15/2016, Every day, Daily Average",2056,1728,2445
"1648","800 Cole St, San Francisco, CA","2250","Hassler Trail, Redwood City","11/15/2016 - 12/15/2016, Every day, Daily Average",2223,1781,2774
"1648","800 Cole St, San Francisco, CA","2281","0 Corte Palos Verdes, Tiburon, Belvedere Tiburon","11/15/2016 - 12/15/2016, Every day, Daily Average",1559,1221,1989
"1648","800 Cole St, San Francisco, CA","2308","300 Fremont Street, South of Market, San Francisco","11/15/2016 - 12/15/2016, Every day, Daily Average",1588,1165,2163
"1648","800 Cole St, San Francisco, CA","2311","2700 Larkin Street, Russian Hill, San Francisco","11/15/2016 - 12/15/2016, Every day, Daily Average",1513,1194,1916
"1648","800 Cole St, San Francisco, CA","2312","2100 Webster Street, Pacific Heights, San Francisco","11/15/2016 - 12/15/2016, Every day, Daily Average",1052,834,1326
"1648","800 Cole St, San Francisco, CA","2313","1300 Webster Street, Western Addition, San Francisco","11/15/2016 - 12/15/2016, Every day, Daily Average",953,753,1205
"1648","800 Cole St, San Francisco, CA","2314","300 Waller Street, Western Addition, San Francisco","11/15/2016 - 12/15/2016, Every day, Daily Average",637,461,878
"1648","800 Cole St, San Francisco, CA","2315","0 Duboce Avenue, South of Market, San Francisco","11/15/2016 - 12/15/2016, Every day, Daily Average",895,661,1211
"1648","800 Cole St, San Francisco, CA","2316","2800 Folsom Street, Mission District, San Francisco","11/15/2016 - 12/15/2016, Every day, Daily Average",1044,812,1341
"1648","800 Cole St, San Francisco, CA","2317","100 Coleridge Street, Bernal Heights, San Francisco","11/15/2016 - 12/15/2016, Every day, Daily Average",836,640,1091
"1648","800 Cole St, San Francisco, CA","2318","100 Santa Rosa Avenue, Outer Mission, San Francisco","11/15/2016 - 12/15/2016, Every day, Daily Average",770,574,1031
"1648","800 Cole St, San Francisco, CA","2319","300 Lisbon Street, Excelsior, San Francisco","11/15/2016 - 12/15/2016, Every day, Daily Average",965,730,1274
"1648","800 Cole St, San Francisco, CA","2320","300 Argonaut Avenue, Visitacion Valley, San Francisco","11/15/2016 - 12/15/2016, Every day, Daily Average",1385,1112,1724
"1648","800 Cole St, San Francisco, CA","2321","400 Irving Street, Inner Sunset, San Francisco","11/15/2016 - 12/15/2016, Every day, Daily Average",101,36,276
"1648","800 Cole St, San Francisco, CA","2322","100 Eastwood Drive, West of Twin Peaks, San Francisco","11/15/2016 - 12/15/2016, Every day, Daily Average",693,494,971
"1648","800 Cole St, San Francisco, CA","2323","2600 40th Avenue, Sunset District, San Francisco","11/15/2016 - 12/15/2016, Every day, Daily Average",807,650,1000
"1648","800 Cole St, San Francisco, CA","2330","0 Peoria Street, Crocker, Daly City","11/15/2016 - 12/15/2016, Every day, Daily Average",1146,895,1466
"1648","800 Cole St, San Francisco, CA","2339","Frenchmans Creek Road, Half Moon Bay","11/15/2016 - 12/15/2016, Every day, Daily Average",1727,1382,2157
"1648","800 Cole St, San Francisco, CA","2340","0 Mason Street, Tenderloin, San Francisco","11/15/2016 - 12/15/2016, Every day, Daily Average",1408,1076,1842
"1648","800 Cole St, San Francisco, CA","2343","West Point Road, Bayview, San Francisco","11/15/2016 - 12/15/2016, Every day, Daily Average",1537,1156,2043
"1648","800 Cole St, San Francisco, CA","2344","600 3rd Avenue, Richmond District, San Francisco","11/15/2016 - 12/15/2016, Every day, Daily Average",570,389,834
"1648","800 Cole St, San Francisco, CA","2367","0 Los Norrabos, El Toyonal, Orinda","11/15/2016 - 12/15/2016, Every day, Daily Average",2166,1658,2829
"1648","800 Cole St, San Francisco, CA","2441","100 Octavia Street, Western Addition, San Francisco","11/15/2016 - 12/15/2016, Every day, Daily Average",761,545,1061
"1648","800 Cole St, San Francisco, CA","2442","2800 Mission Street, Mission District, San Francisco","11/15/2016 - 12/15/2016, Every day, Daily Average",902,695,1169
"1648","800 Cole St, San Francisco, CA","2443","500 22nd Street, Potrero Hill, San Francisco","11/15/2016 - 12/15/2016, Every day, Daily Average",1366,1022,1825
"1648","800 Cole St, San Francisco, CA","2451","700 Westlake Center, Westlake, Daly City","11/15/2016 - 12/15/2016, Every day, Daily Average",1016,771,1338
"1648","800 Cole St, San Francisco, CA","2452","400 Verducci Drive, Serramonte, Daly City","11/15/2016 - 12/15/2016, Every day, Daily Average",1212,935,1569
"1648","800 Cole St, San Francisco, CA","2453","0 Orange Court, Country Club Manor, Hillsborough","11/15/2016 - 12/15/2016, Every day, Daily Average",1838,1453,2323
"1648","800 Cole St, San Francisco, CA","2460","1300 Montgomery Street, North Beach, San Francisco","11/15/2016 - 12/15/2016, Every day, Daily Average",1767,1403,2224
"1648","800 Cole St, San Francisco, CA","2463","200 Moncada Way, Oceanview, San Francisco","11/15/2016 - 12/15/2016, Every day, Daily Average",651,469,902
"1648","800 Cole St, San Francisco, CA","2464","1700 47th Avenue, Sunset District, San Francisco","11/15/2016 - 12/15/2016, Every day, Daily Average",816,643,1034
"1648","800 Cole St, San Francisco, CA","2465","Diamond Cove Terrace, Bayview, San Francisco","11/15/2016 - 12/15/2016, Every day, Daily Average",1140,861,1509
"1648","800 Cole St, San Francisco, CA","2466","400 Amador Street, Bayview, San Francisco","11/15/2016 - 12/15/2016, Every day, Daily Average",1146,851,1541
"1648","800 Cole St, San Francisco, CA","2495","100 Shrader Street, San Francisco","11/15/2016 - 12/15/2016, Every day, Daily Average",461,317,670
"1648","800 Cole St, San Francisco, CA","2496","100 Diamond Street, The Castro, San Francisco","11/15/2016 - 12/15/2016, Every day, Daily Average",388,249,602
"1648","800 Cole St, San Francisco, CA","2497","600 Tompkins Avenue, Bernal Heights, San Francisco","11/15/2016 - 12/15/2016, Every day, Daily Average",1010,771,1322
"1648","800 Cole St, San Francisco, CA","2498","700 Rolph Street, Crocker-Amazon, San Francisco","11/15/2016 - 12/15/2016, Every day, Daily Average",1207,973,1496
"1648","800 Cole St, San Francisco, CA","2499","400 Faxon Avenue, Ingleside, San Francisco","11/15/2016 - 12/15/2016, Every day, Daily Average",850,654,1103
"1648","800 Cole St, San Francisco, CA","2502","Old Guadalupe Trail, Daly City","11/15/2016 - 12/15/2016, Every day, Daily Average",1358,1115,1652
"1648","800 Cole St, San Francisco, CA","2503","3700 Callan Boulevard, Westborough, South San Francisco","11/15/2016 - 12/15/2016, Every day, Daily Average",1278,992,1645
"1648","800 Cole St, San Francisco, CA","2505","1000 Commodore Drive, San Bruno","11/15/2016 - 12/15/2016, Every day, Daily Average",1435,1128,1825
"1648","800 Cole St, San Francisco, CA","2513","300 O' Connor Street, The Willows, Menlo Park","11/15/2016 - 12/15/2016, Every day, Daily Average",2848,2260,3587
"1648","800 Cole St, San Francisco, CA","2554","0 Oliver Lane, Mill Valley","11/15/2016 - 12/15/2016, Every day, Daily Average",1504,1170,1932
"1648","800 Cole St, San Francisco, CA","2582","1200 Manzanita Drive, Millbrae","11/15/2016 - 12/15/2016, Every day, Daily Average",1667,1329,2090
"1648","800 Cole St, San Francisco, CA","2597","3000 Telegraph Avenue, Pill Hill, Oakland","11/15/2016 - 12/15/2016, Every day, Daily Average",1987,1459,2704
"1648","800 Cole St, San Francisco, CA","2601","800 Cole Street, Ashbury Heights, San Francisco","11/15/2016 - 12/15/2016, Every day, Daily Average",171,68,429
"1648","800 Cole St, San Francisco, CA","2605","0 Cable Roadway, Sausalito","11/15/2016 - 12/15/2016, Every day, Daily Average",1237,946,1616
"1648","800 Cole St, San Francisco, CA","2606","2100 Beach Street, Marina District, San Francisco","11/15/2016 - 12/15/2016, Every day, Daily Average",1207,930,1565
"1648","800 Cole St, San Francisco, CA","2607","100 Campus Drive, Stanford","11/15/2016 - 12/15/2016, Every day, Daily Average",3070,2552,3691
"1648","800 Cole St, San Francisco, CA","2613","1700 Eisenhower Street, Shoreview, San Mateo","11/15/2016 - 12/15/2016, Every day, Daily Average",2146,1675,2749
"1648","800 Cole St, San Francisco, CA","2614","100 West Portal Avenue, West of Twin Peaks, San Francisco","11/15/2016 - 12/15/2016, Every day, Daily Average",428,282,647
"1648","800 Cole St, San Francisco, CA","2622","300 Langton Street, South of Market, San Francisco","11/15/2016 - 12/15/2016, Every day, Daily Average",1282,939,1749
"1648","800 Cole St, San Francisco, CA","2624","1300 16th Avenue, Inner Sunset, San Francisco","11/15/2016 - 12/15/2016, Every day, Daily Average",300,195,459
"1648","800 Cole St, San Francisco, CA","2625","400 Alpha Street, Visitacion Valley, San Francisco","11/15/2016 - 12/15/2016, Every day, Daily Average",1255,959,1641
"1648","800 Cole St, San Francisco, CA","2643","1300 Egbert Avenue, Bayview, San Francisco","11/15/2016 - 12/15/2016, Every day, Daily Average",1339,1034,1733
"1648","800 Cole St, San Francisco, CA","2654","Robert Dollar Drive, San Rafael","11/15/2016 - 12/15/2016, Every day, Daily Average",2208,1722,2830
"1648","800 Cole St, San Francisco, CA","2660","0 Burgess Court, Sausalito","11/15/2016 - 12/15/2016, Every day, Daily Average",1348,1037,1751
"1648","800 Cole St, San Francisco, CA","2673","100 Rutledge Street, Bernal Heights, San Francisco","11/15/2016 - 12/15/2016, Every day, Daily Average",1093,831,1436
"1648","800 Cole St, San Francisco, CA","2694","1900 Buchanan Street, Western Addition, San Francisco","11/15/2016 - 12/15/2016, Every day, Daily Average",960,757,1217
"1648","800 Cole St, San Francisco, CA","2695","2200 Rivera Street, Sunset District, San Francisco","11/15/2016 - 12/15/2016, Every day, Daily Average",685,523,895
"1648","800 Cole St, San Francisco, CA","2700","300 Ponderosa Road, Avalon, South San Francisco","11/15/2016 - 12/15/2016, Every day, Daily Average",1320,1025,1698
"1648","800 Cole St, San Francisco, CA","2708","200 Westview Drive, Sunshine Gardens, South San Francisco","11/15/2016 - 12/15/2016, Every day, Daily Average",1645,1333,2028