Time(Hours),EntityID,ObjectName,ProcessID,StepName,Action
7.06338699967347,--,--,--,--,An entity's length was changed while traveling on a link
7.06338699967347,--,--,--,--,The length of the entity 'Morning_Driver[749]' was changed while traveling on the link 'TimePath27'.
7.06839084707619,--,--,--,--,An entity's length was changed while traveling on a link
7.06839084707619,--,--,--,--,The length of the entity 'Morning_Driver[414]' was changed while traveling on the link 'TimePath27'.
7.0755576138632,--,--,--,--,An entity's length was changed while traveling on a link
7.0755576138632,--,--,--,--,The length of the entity 'Morning_Driver[550]' was changed while traveling on the link 'TimePath27'.
7.07783268128042,--,--,--,--,An entity's length was changed while traveling on a link
7.07783268128042,--,--,--,--,The length of the entity 'Morning_Driver[793]' was changed while traveling on the link 'TimePath46'.
7.08013418904107,--,--,--,--,An entity's length was changed while traveling on a link
7.08013418904107,--,--,--,--,The length of the entity 'Morning_Driver[860]' was changed while traveling on the link 'TimePath46'.
7.08473561409639,--,--,--,--,An entity's length was changed while traveling on a link
7.08473561409639,--,--,--,--,The length of the entity 'Morning_Driver[648]' was changed while traveling on the link 'TimePath27'.
7.08486225572205,--,--,--,--,An entity's length was changed while traveling on a link
7.08486225572205,--,--,--,--,The length of the entity 'Morning_Driver[94]' was changed while traveling on the link 'TimePath46'.
7.08567934261251,--,--,--,--,An entity's length was changed while traveling on a link
7.08567934261251,--,--,--,--,The length of the entity 'Morning_Driver[3]' was changed while traveling on the link 'TimePath27'.

